-- phpMyAdmin SQL Dump
-- version 5.2.1
-- https://www.phpmyadmin.net/
--
-- Host: 127.0.0.1
-- Generation Time: Oct 04, 2025 at 06:37 AM
-- Server version: 10.4.32-MariaDB
-- PHP Version: 8.0.30

SET SQL_MODE = "NO_AUTO_VALUE_ON_ZERO";
START TRANSACTION;
SET time_zone = "+00:00";


/*!40101 SET @OLD_CHARACTER_SET_CLIENT=@@CHARACTER_SET_CLIENT */;
/*!40101 SET @OLD_CHARACTER_SET_RESULTS=@@CHARACTER_SET_RESULTS */;
/*!40101 SET @OLD_COLLATION_CONNECTION=@@COLLATION_CONNECTION */;
/*!40101 SET NAMES utf8mb4 */;

--
-- Database: `ecommerce`
--

-- --------------------------------------------------------

--
-- Table structure for table `orders`
--

CREATE TABLE `orders` (
  `id` int(11) NOT NULL,
  `user_id` int(11) DEFAULT NULL,
  `customer_name` varchar(255) NOT NULL,
  `customer_email` varchar(255) NOT NULL,
  `shipping_address` text NOT NULL,
  `total_amount` decimal(10,2) NOT NULL,
  `order_status` enum('Placed','Processing','Shipped','Out for Delivery','Delivered') NOT NULL DEFAULT 'Placed',
  `order_date` timestamp NOT NULL DEFAULT current_timestamp()
) ENGINE=InnoDB DEFAULT CHARSET=utf8mb4 COLLATE=utf8mb4_general_ci;

--
-- Dumping data for table `orders`
--

INSERT INTO `orders` (`id`, `user_id`, `customer_name`, `customer_email`, `shipping_address`, `total_amount`, `order_status`, `order_date`) VALUES
(1, NULL, 'sdfa', 'wfas@sdg.df', 'asdfsafd', 399.00, 'Delivered', '2025-10-03 09:51:17'),
(2, NULL, 'sdfsd', 'wfas@sdg.df', 'sdfg', 399.00, 'Delivered', '2025-10-03 09:56:13'),
(3, NULL, 'sdfs', 'wfas@sdg.df', 'sdg', 1197.00, 'Delivered', '2025-10-03 09:56:29'),
(4, 1, 'vishal', 'wfas@sdg.df', 'sdf', 9033.00, 'Delivered', '2025-10-03 10:27:23'),
(5, 1, 'vishal', 'wfas@sdg.df', 'dfg', 450.00, 'Processing', '2025-10-04 03:49:36');

-- --------------------------------------------------------

--
-- Table structure for table `order_items`
--

CREATE TABLE `order_items` (
  `id` int(11) NOT NULL,
  `order_id` int(11) NOT NULL,
  `product_id` int(11) NOT NULL,
  `quantity` int(11) NOT NULL,
  `price` decimal(10,2) NOT NULL
) ENGINE=InnoDB DEFAULT CHARSET=utf8mb4 COLLATE=utf8mb4_general_ci;

--
-- Dumping data for table `order_items`
--

INSERT INTO `order_items` (`id`, `order_id`, `product_id`, `quantity`, `price`) VALUES
(1, 1, 1, 1, 399.00),
(2, 2, 1, 1, 399.00),
(3, 3, 1, 3, 399.00),
(4, 4, 1, 17, 399.00),
(5, 4, 2, 5, 450.00),
(6, 5, 2, 1, 450.00);

-- --------------------------------------------------------

--
-- Table structure for table `products`
--

CREATE TABLE `products` (
  `id` int(11) NOT NULL,
  `name` varchar(255) NOT NULL,
  `description` text NOT NULL,
  `price` decimal(10,2) NOT NULL,
  `image_url` varchar(255) NOT NULL
) ENGINE=InnoDB DEFAULT CHARSET=utf8mb4 COLLATE=utf8mb4_general_ci;

--
-- Dumping data for table `products`
--

INSERT INTO `products` (`id`, `name`, `description`, `price`, `image_url`) VALUES
(1, 'Instant Coffee Cubes', 'Experience the revolution of coffee with our ready-to-use coffee cubes. Made from 100% premium Arabica beans, each cube is a perfectly balanced shot of rich, aromatic coffee. Just drop, pour, and enjoy!', 399.00, 'https://placehold.co/600x600/6f4e37/f5f5dc?text=Coffee+Cubes'),
(2, 'Dark Roast Beans', 'A bold and intense dark roast with notes of chocolate and caramel. Perfect for a strong morning espresso or a rich, full-bodied drip coffee.', 450.00, 'https://placehold.co/600x600/3a2d21/f5f5dc?text=Dark+Roast');

-- --------------------------------------------------------

--
-- Table structure for table `users`
--

CREATE TABLE `users` (
  `id` int(11) NOT NULL,
  `name` varchar(100) NOT NULL,
  `email` varchar(100) NOT NULL,
  `password` varchar(255) NOT NULL,
  `created_at` timestamp NOT NULL DEFAULT current_timestamp()
) ENGINE=InnoDB DEFAULT CHARSET=utf8mb4 COLLATE=utf8mb4_general_ci;

--
-- Dumping data for table `users`
--

INSERT INTO `users` (`id`, `name`, `email`, `password`, `created_at`) VALUES
(1, 'vishal', 'vishal123@gmail.com', '$2y$10$TcvqHyotsTCN0Ca4xUfAJur8WycSWZ5XfLfymxfMFwveQtxqN2Oye', '2025-10-03 10:08:13');

-- --------------------------------------------------------

--
-- Table structure for table `user_carts`
--

CREATE TABLE `user_carts` (
  `id` int(11) NOT NULL,
  `user_id` int(11) NOT NULL,
  `product_id` int(11) NOT NULL,
  `quantity` int(11) NOT NULL
) ENGINE=InnoDB DEFAULT CHARSET=utf8mb4 COLLATE=utf8mb4_general_ci;

--
-- Dumping data for table `user_carts`
--

INSERT INTO `user_carts` (`id`, `user_id`, `product_id`, `quantity`) VALUES
(5, 1, 2, 1);

--
-- Indexes for dumped tables
--

--
-- Indexes for table `orders`
--
ALTER TABLE `orders`
  ADD PRIMARY KEY (`id`),
  ADD KEY `user_id` (`user_id`);

--
-- Indexes for table `order_items`
--
ALTER TABLE `order_items`
  ADD PRIMARY KEY (`id`),
  ADD KEY `order_id` (`order_id`),
  ADD KEY `product_id` (`product_id`);

--
-- Indexes for table `products`
--
ALTER TABLE `products`
  ADD PRIMARY KEY (`id`);

--
-- Indexes for table `users`
--
ALTER TABLE `users`
  ADD PRIMARY KEY (`id`),
  ADD UNIQUE KEY `email` (`email`);

--
-- Indexes for table `user_carts`
--
ALTER TABLE `user_carts`
  ADD PRIMARY KEY (`id`),
  ADD KEY `user_id` (`user_id`);

--
-- AUTO_INCREMENT for dumped tables
--

--
-- AUTO_INCREMENT for table `orders`
--
ALTER TABLE `orders`
  MODIFY `id` int(11) NOT NULL AUTO_INCREMENT, AUTO_INCREMENT=6;

--
-- AUTO_INCREMENT for table `order_items`
--
ALTER TABLE `order_items`
  MODIFY `id` int(11) NOT NULL AUTO_INCREMENT, AUTO_INCREMENT=7;

--
-- AUTO_INCREMENT for table `products`
--
ALTER TABLE `products`
  MODIFY `id` int(11) NOT NULL AUTO_INCREMENT, AUTO_INCREMENT=3;

--
-- AUTO_INCREMENT for table `users`
--
ALTER TABLE `users`
  MODIFY `id` int(11) NOT NULL AUTO_INCREMENT, AUTO_INCREMENT=2;

--
-- AUTO_INCREMENT for table `user_carts`
--
ALTER TABLE `user_carts`
  MODIFY `id` int(11) NOT NULL AUTO_INCREMENT, AUTO_INCREMENT=6;

--
-- Constraints for dumped tables
--

--
-- Constraints for table `order_items`
--
ALTER TABLE `order_items`
  ADD CONSTRAINT `order_items_ibfk_1` FOREIGN KEY (`order_id`) REFERENCES `orders` (`id`) ON DELETE CASCADE,
  ADD CONSTRAINT `order_items_ibfk_2` FOREIGN KEY (`product_id`) REFERENCES `products` (`id`);

--
-- Constraints for table `user_carts`
--
ALTER TABLE `user_carts`
  ADD CONSTRAINT `user_carts_ibfk_1` FOREIGN KEY (`user_id`) REFERENCES `users` (`id`) ON DELETE CASCADE;
COMMIT;

/*!40101 SET CHARACTER_SET_CLIENT=@OLD_CHARACTER_SET_CLIENT */;
/*!40101 SET CHARACTER_SET_RESULTS=@OLD_CHARACTER_SET_RESULTS */;
/*!40101 SET COLLATION_CONNECTION=@OLD_COLLATION_CONNECTION */;
